<?xml version="1.0" encoding="UTF-8"?>
<project-private xmlns="http://www.netbeans.org/ns/project-private/1">
    <editor-bookmarks xmlns="http://www.netbeans.org/ns/editor-bookmarks/2" lastBookmarkId="0"/>
    <open-files xmlns="http://www.netbeans.org/ns/projectui-open-files/2">
        <group>
            <file>file:/C:/Users/Abid/Documents/NetBeansProjects/lostfound2/web/login.jsp</file>
            <file>file:/C:/Users/Abid/Documents/NetBeansProjects/lostfound2/src/java/dao/UserDAO.java</file>
            <file>file:/C:/Users/Abid/Documents/NetBeansProjects/lostfound2/src/java/servlet/MatchedItem.java</file>
            <file>file:/C:/Users/Abid/Documents/NetBeansProjects/lostfound2/web/editFound.jsp</file>
            <file>file:/C:/Users/Abid/Documents/NetBeansProjects/lostfound2/src/java/dao/FoundItemDAO.java</file>
            <file>file:/C:/Users/Abid/Documents/NetBeansProjects/lostfound2/src/java/servlet/ImageServlet.java</file>
            <file>file:/C:/Users/Abid/Documents/NetBeansProjects/lostfound2/src/java/model/LostItem.java</file>
            <file>file:/C:/Users/Abid/Documents/NetBeansProjects/lostfound2/web/index.jsp</file>
            <file>file:/C:/Users/Abid/Documents/NetBeansProjects/lostfound2/src/java/model/FoundItem.java</file>
            <file>file:/C:/Users/Abid/Documents/NetBeansProjects/lostfound2/src/java/servlet/HomeServlet.java</file>
            <file>file:/C:/Users/Abid/Documents/NetBeansProjects/lostfound2/src/java/servlet/EditFoundItemServlet.java</file>
            <file>file:/C:/Users/Abid/Documents/NetBeansProjects/lostfound2/src/java/servlet/LoginServlet.java</file>
            <file>file:/C:/Users/Abid/Documents/NetBeansProjects/lostfound2/src/java/dao/LostItemDAO.java</file>
            <file>file:/C:/Users/Abid/Documents/NetBeansProjects/lostfound2/web/viewItems.jsp</file>
            <file>file:/C:/Users/Abid/Documents/NetBeansProjects/lostfound2/src/java/servlet/EditLostItemServlet.java</file>
            <file>file:/C:/Users/Abid/Documents/NetBeansProjects/lostfound2/web/editLost.jsp</file>
        </group>
    </open-files>
</project-private>
